{
  "display": {
    "background": "minecraft:textures/block/stone.png",
    "icon": {
      "item": "minecraft:enchanted_golden_apple"
    },
    "title": "Ultimate Power!",
    "description": "Eat A Enchanted Golden Apple",
    "frame": "goal",
    "show_toast": true,
    "announce_to_chat": true,
    "hidden": false
  },
  "criteria": {
    "airpods": {
      "trigger": "minecraft:consume_item",
      "conditions": {
        "item": {
          "items": [
            "minecraft:enchanted_golden_apple"
          ]
        }
      }
    }
  },
  "rewards": {
    "experience": 50
  }
}