{
  "display": {
    "background": "minecraft:textures/block/stone.png",
    "icon": {
      "item": "minecraft:bedrock"
    },
    "title": "Your A Idiot.",
    "description": "Welp. You cant break it!",
    "frame": "challenge",
    "show_toast": true,
    "announce_to_chat": true,
    "hidden": true
  },
  "criteria": {
    "sus": {
      "trigger": "minecraft:placed_block",
      "conditions": {
        "item": {
          "items": [
            "minecraft:bedrock"
          ]
        }
      }
    }
  }
}